"combination","formula","AIC"
"100000010011000001","surv_obj ~ X1 + X8 + X11 + X12 + X18",10023.615775717
"100000011011000000","surv_obj ~ X1 + X8 + X9 + X11 + X12",10023.7281735637
"100000011011000100","surv_obj ~ X1 + X8 + X9 + X11 + X12 + X16",10023.7281735637
"100000010011000100","surv_obj ~ X1 + X8 + X11 + X12 + X16",10023.7281735637
"110000010011000001","surv_obj ~ X1 + X2 + X8 + X11 + X12 + X18",10024.3842084142
